<?xml version="1.0" encoding="utf-8"?>
<!--/2040439/911689/2.50/69/3/Integrated Circuit/-->
<quadcept_library>
  <setting unit="mil" />
  <textstyle name="Default" height="47.244094488189" strokewidth="7.8740157480315" charwidth="47.244094488189" />
  <textstyle name="Dimension" height="19.6850393700787" strokewidth="0" charwidth="19.6850393700787" />
  <textstyle name="H127W0635TH00762" height="50" strokewidth="3" charwidth="25" />
  <textstyle name="H15W15TH02" height="59.0551181102362" strokewidth="7.8740157480315" charwidth="59.0551181102362" />
  <padstyle name="r95_20" surface="True" plated="False" isvia="False" nopaste="False" nomask="True" complex="False" holesize="0">
    <padshape layer="TOP" shape="rectangle" width="7.8740157480314" height="37.401574803149" />
    <padshape layer="TOP_SOLDER_PASTE" shape="rectangle" width="7.8740157480314" height="37.401574803149" />
    <padshape layer="TOP_SOLDER_MASK" shape="rectangle" width="15.748031496063" height="45.275590551181" />
  </padstyle>
  <padstyle name="r650_650" surface="True" plated="False" isvia="False" nopaste="False" nomask="True" complex="False" holesize="0">
    <padshape layer="TOP" shape="rectangle" width="255.90551181102" height="255.90551181102" />
    <padshape layer="TOP_SOLDER_MASK" shape="rectangle" width="263.77952755905" height="263.77952755905" />
    <padshape layer="TOP_SOLDER_PASTE" shape="rectangle" width="255.90551181102" height="255.90551181102" />
  </padstyle>
  <footprint name="QFN40P800X800X100-69N" originx="0" originy="0" pickpointx="0" pickpointy="0">
    <pcbpin number="1" name="1" style="r95_20" originx="-155.51181102362" originy="125.9842519685" rotation="90" />
    <pcbpin number="2" name="2" style="r95_20" originx="-155.51181102362" originy="110.23622047244" rotation="90" />
    <pcbpin number="3" name="3" style="r95_20" originx="-155.51181102362" originy="94.488188976377" rotation="90" />
    <pcbpin number="4" name="4" style="r95_20" originx="-155.51181102362" originy="78.740157480314" rotation="90" />
    <pcbpin number="5" name="5" style="r95_20" originx="-155.51181102362" originy="62.992125984251" rotation="90" />
    <pcbpin number="6" name="6" style="r95_20" originx="-155.51181102362" originy="47.244094488188" rotation="90" />
    <pcbpin number="7" name="7" style="r95_20" originx="-155.51181102362" originy="31.496062992126" rotation="90" />
    <pcbpin number="8" name="8" style="r95_20" originx="-155.51181102362" originy="15.748031496063" rotation="90" />
    <pcbpin number="9" name="9" style="r95_20" originx="-155.51181102362" originy="0" rotation="90" />
    <pcbpin number="10" name="10" style="r95_20" originx="-155.51181102362" originy="-15.748031496063" rotation="90" />
    <pcbpin number="11" name="11" style="r95_20" originx="-155.51181102362" originy="-31.496062992126" rotation="90" />
    <pcbpin number="12" name="12" style="r95_20" originx="-155.51181102362" originy="-47.244094488188" rotation="90" />
    <pcbpin number="13" name="13" style="r95_20" originx="-155.51181102362" originy="-62.992125984251" rotation="90" />
    <pcbpin number="14" name="14" style="r95_20" originx="-155.51181102362" originy="-78.740157480314" rotation="90" />
    <pcbpin number="15" name="15" style="r95_20" originx="-155.51181102362" originy="-94.488188976377" rotation="90" />
    <pcbpin number="16" name="16" style="r95_20" originx="-155.51181102362" originy="-110.23622047244" rotation="90" />
    <pcbpin number="17" name="17" style="r95_20" originx="-155.51181102362" originy="-125.9842519685" rotation="90" />
    <pcbpin number="18" name="18" style="r95_20" originx="-125.9842519685" originy="-155.51181102362" rotation="0" />
    <pcbpin number="19" name="19" style="r95_20" originx="-110.23622047244" originy="-155.51181102362" rotation="0" />
    <pcbpin number="20" name="20" style="r95_20" originx="-94.488188976377" originy="-155.51181102362" rotation="0" />
    <pcbpin number="21" name="21" style="r95_20" originx="-78.740157480314" originy="-155.51181102362" rotation="0" />
    <pcbpin number="22" name="22" style="r95_20" originx="-62.992125984251" originy="-155.51181102362" rotation="0" />
    <pcbpin number="23" name="23" style="r95_20" originx="-47.244094488188" originy="-155.51181102362" rotation="0" />
    <pcbpin number="24" name="24" style="r95_20" originx="-31.496062992126" originy="-155.51181102362" rotation="0" />
    <pcbpin number="25" name="25" style="r95_20" originx="-15.748031496063" originy="-155.51181102362" rotation="0" />
    <pcbpin number="26" name="26" style="r95_20" originx="0" originy="-155.51181102362" rotation="0" />
    <pcbpin number="27" name="27" style="r95_20" originx="15.748031496063" originy="-155.51181102362" rotation="0" />
    <pcbpin number="28" name="28" style="r95_20" originx="31.496062992126" originy="-155.51181102362" rotation="0" />
    <pcbpin number="29" name="29" style="r95_20" originx="47.244094488188" originy="-155.51181102362" rotation="0" />
    <pcbpin number="30" name="30" style="r95_20" originx="62.992125984251" originy="-155.51181102362" rotation="0" />
    <pcbpin number="31" name="31" style="r95_20" originx="78.740157480314" originy="-155.51181102362" rotation="0" />
    <pcbpin number="32" name="32" style="r95_20" originx="94.488188976377" originy="-155.51181102362" rotation="0" />
    <pcbpin number="33" name="33" style="r95_20" originx="110.23622047244" originy="-155.51181102362" rotation="0" />
    <pcbpin number="34" name="34" style="r95_20" originx="125.9842519685" originy="-155.51181102362" rotation="0" />
    <pcbpin number="35" name="35" style="r95_20" originx="155.51181102362" originy="-125.9842519685" rotation="90" />
    <pcbpin number="36" name="36" style="r95_20" originx="155.51181102362" originy="-110.23622047244" rotation="90" />
    <pcbpin number="37" name="37" style="r95_20" originx="155.51181102362" originy="-94.488188976377" rotation="90" />
    <pcbpin number="38" name="38" style="r95_20" originx="155.51181102362" originy="-78.740157480314" rotation="90" />
    <pcbpin number="39" name="39" style="r95_20" originx="155.51181102362" originy="-62.992125984251" rotation="90" />
    <pcbpin number="40" name="40" style="r95_20" originx="155.51181102362" originy="-47.244094488188" rotation="90" />
    <pcbpin number="41" name="41" style="r95_20" originx="155.51181102362" originy="-31.496062992126" rotation="90" />
    <pcbpin number="42" name="42" style="r95_20" originx="155.51181102362" originy="-15.748031496063" rotation="90" />
    <pcbpin number="43" name="43" style="r95_20" originx="155.51181102362" originy="0" rotation="90" />
    <pcbpin number="44" name="44" style="r95_20" originx="155.51181102362" originy="15.748031496063" rotation="90" />
    <pcbpin number="45" name="45" style="r95_20" originx="155.51181102362" originy="31.496062992126" rotation="90" />
    <pcbpin number="46" name="46" style="r95_20" originx="155.51181102362" originy="47.244094488188" rotation="90" />
    <pcbpin number="47" name="47" style="r95_20" originx="155.51181102362" originy="62.992125984251" rotation="90" />
    <pcbpin number="48" name="48" style="r95_20" originx="155.51181102362" originy="78.740157480314" rotation="90" />
    <pcbpin number="49" name="49" style="r95_20" originx="155.51181102362" originy="94.488188976377" rotation="90" />
    <pcbpin number="50" name="50" style="r95_20" originx="155.51181102362" originy="110.23622047244" rotation="90" />
    <pcbpin number="51" name="51" style="r95_20" originx="155.51181102362" originy="125.9842519685" rotation="90" />
    <pcbpin number="52" name="52" style="r95_20" originx="125.9842519685" originy="155.51181102362" rotation="0" />
    <pcbpin number="53" name="53" style="r95_20" originx="110.23622047244" originy="155.51181102362" rotation="0" />
    <pcbpin number="54" name="54" style="r95_20" originx="94.488188976377" originy="155.51181102362" rotation="0" />
    <pcbpin number="55" name="55" style="r95_20" originx="78.740157480314" originy="155.51181102362" rotation="0" />
    <pcbpin number="56" name="56" style="r95_20" originx="62.992125984251" originy="155.51181102362" rotation="0" />
    <pcbpin number="57" name="57" style="r95_20" originx="47.244094488188" originy="155.51181102362" rotation="0" />
    <pcbpin number="58" name="58" style="r95_20" originx="31.496062992126" originy="155.51181102362" rotation="0" />
    <pcbpin number="59" name="59" style="r95_20" originx="15.748031496063" originy="155.51181102362" rotation="0" />
    <pcbpin number="60" name="60" style="r95_20" originx="0" originy="155.51181102362" rotation="0" />
    <pcbpin number="61" name="61" style="r95_20" originx="-15.748031496063" originy="155.51181102362" rotation="0" />
    <pcbpin number="62" name="62" style="r95_20" originx="-31.496062992126" originy="155.51181102362" rotation="0" />
    <pcbpin number="63" name="63" style="r95_20" originx="-47.244094488188" originy="155.51181102362" rotation="0" />
    <pcbpin number="64" name="64" style="r95_20" originx="-62.992125984251" originy="155.51181102362" rotation="0" />
    <pcbpin number="65" name="65" style="r95_20" originx="-78.740157480314" originy="155.51181102362" rotation="0" />
    <pcbpin number="66" name="66" style="r95_20" originx="-94.488188976377" originy="155.51181102362" rotation="0" />
    <pcbpin number="67" name="67" style="r95_20" originx="-110.23622047244" originy="155.51181102362" rotation="0" />
    <pcbpin number="68" name="68" style="r95_20" originx="-125.9842519685" originy="155.51181102362" rotation="0" />
    <pcbpin number="69" name="69" style="r650_650" originx="0" originy="0" rotation="0" />
    <line layer="TOP_PLACE_BOUND" originx="-183.07086614173" originy="183.07086614173" endx="183.07086614173" endy="183.07086614173" width="1.9685039370079" />
    <line layer="TOP_PLACE_BOUND" originx="183.07086614173" originy="183.07086614173" endx="183.07086614173" endy="-183.07086614173" width="1.9685039370079" />
    <line layer="TOP_PLACE_BOUND" originx="183.07086614173" originy="-183.07086614173" endx="-183.07086614173" endy="-183.07086614173" width="1.9685039370079" />
    <line layer="TOP_PLACE_BOUND" originx="-183.07086614173" originy="-183.07086614173" endx="-183.07086614173" endy="183.07086614173" width="1.9685039370079" />
    <line layer="TOP_ASSEMBLY" originx="-157.48031496063" originy="157.48031496063" endx="157.48031496063" endy="157.48031496063" width="3.9370078740157" />
    <line layer="TOP_ASSEMBLY" originx="157.48031496063" originy="157.48031496063" endx="157.48031496063" endy="-157.48031496063" width="3.9370078740157" />
    <line layer="TOP_ASSEMBLY" originx="157.48031496063" originy="-157.48031496063" endx="-157.48031496063" endy="-157.48031496063" width="3.9370078740157" />
    <line layer="TOP_ASSEMBLY" originx="-157.48031496063" originy="-157.48031496063" endx="-157.48031496063" endy="157.48031496063" width="3.9370078740157" />
    <line layer="TOP_ASSEMBLY" originx="-157.48031496063" originy="141.73228346457" endx="-141.73228346457" endy="157.48031496063" width="3.9370078740157" />
    <arc layer="TOP_SILKSCREEN" originx="-174.21259842519" originy="149.6062992126" startangle="180" sweepangle="180" radius="3.9370078740157" width="7.8740157480314" />
    <arc layer="TOP_SILKSCREEN" originx="-174.21259842519" originy="149.6062992126" startangle="180" sweepangle="-180" radius="3.9370078740157" width="7.8740157480314" />
  </footprint>
  <symbol name="STM32WB55RCV6" originx="0" originy="0">
    <line originx="200" originy="500" endx="2100" endy="500" width="0" />
    <line originx="2100" originy="-2200" endx="2100" endy="500" width="0" />
    <line originx="2100" originy="-2200" endx="200" endy="-2200" width="0" />
    <line originx="200" originy="500" endx="200" endy="-2200" width="0" />
    <sympin number="1" originx="200" originy="0" rotation="180" length="100" width="7.8740157480315" flipped="False">
      <text name="pinname" originx="230" originy="0" style="Default" rotation="0" justify="left" flipped="False" hidden="False" data="VBAT" />
      <text name="pindes" originx="140" originy="20" style="Default" rotation="0" justify="lowerright" flipped="False" hidden="False" data="1" />
    </sympin>
    <sympin number="2" originx="200" originy="-100" rotation="180" length="100" width="7.8740157480315" flipped="False">
      <text name="pinname" originx="230" originy="-100" style="Default" rotation="0" justify="left" flipped="False" hidden="False" data="PC13" />
      <text name="pindes" originx="140" originy="-80" style="Default" rotation="0" justify="lowerright" flipped="False" hidden="False" data="2" />
    </sympin>
    <sympin number="3" originx="200" originy="-200" rotation="180" length="100" width="7.8740157480315" flipped="False">
      <text name="pinname" originx="230" originy="-200" style="Default" rotation="0" justify="left" flipped="False" hidden="False" data="PC14-OSC32_IN" />
      <text name="pindes" originx="140" originy="-180" style="Default" rotation="0" justify="lowerright" flipped="False" hidden="False" data="3" />
    </sympin>
    <sympin number="4" originx="200" originy="-300" rotation="180" length="100" width="7.8740157480315" flipped="False">
      <text name="pinname" originx="230" originy="-300" style="Default" rotation="0" justify="left" flipped="False" hidden="False" data="PC15-OSC32_OUT" />
      <text name="pindes" originx="140" originy="-280" style="Default" rotation="0" justify="lowerright" flipped="False" hidden="False" data="4" />
    </sympin>
    <sympin number="5" originx="200" originy="-400" rotation="180" length="100" width="7.8740157480315" flipped="False">
      <text name="pinname" originx="230" originy="-400" style="Default" rotation="0" justify="left" flipped="False" hidden="False" data="PH3-BOOT0" />
      <text name="pindes" originx="140" originy="-380" style="Default" rotation="0" justify="lowerright" flipped="False" hidden="False" data="5" />
    </sympin>
    <sympin number="6" originx="200" originy="-500" rotation="180" length="100" width="7.8740157480315" flipped="False">
      <text name="pinname" originx="230" originy="-500" style="Default" rotation="0" justify="left" flipped="False" hidden="False" data="PB8" />
      <text name="pindes" originx="140" originy="-480" style="Default" rotation="0" justify="lowerright" flipped="False" hidden="False" data="6" />
    </sympin>
    <sympin number="7" originx="200" originy="-600" rotation="180" length="100" width="7.8740157480315" flipped="False">
      <text name="pinname" originx="230" originy="-600" style="Default" rotation="0" justify="left" flipped="False" hidden="False" data="PB9" />
      <text name="pindes" originx="140" originy="-580" style="Default" rotation="0" justify="lowerright" flipped="False" hidden="False" data="7" />
    </sympin>
    <sympin number="8" originx="200" originy="-700" rotation="180" length="100" width="7.8740157480315" flipped="False">
      <text name="pinname" originx="230" originy="-700" style="Default" rotation="0" justify="left" flipped="False" hidden="False" data="NRST" />
      <text name="pindes" originx="140" originy="-680" style="Default" rotation="0" justify="lowerright" flipped="False" hidden="False" data="8" />
    </sympin>
    <sympin number="9" originx="200" originy="-800" rotation="180" length="100" width="7.8740157480315" flipped="False">
      <text name="pinname" originx="230" originy="-800" style="Default" rotation="0" justify="left" flipped="False" hidden="False" data="PC0" />
      <text name="pindes" originx="140" originy="-780" style="Default" rotation="0" justify="lowerright" flipped="False" hidden="False" data="9" />
    </sympin>
    <sympin number="10" originx="200" originy="-900" rotation="180" length="100" width="7.8740157480315" flipped="False">
      <text name="pinname" originx="230" originy="-900" style="Default" rotation="0" justify="left" flipped="False" hidden="False" data="PC1" />
      <text name="pindes" originx="140" originy="-880" style="Default" rotation="0" justify="lowerright" flipped="False" hidden="False" data="10" />
    </sympin>
    <sympin number="11" originx="200" originy="-1000" rotation="180" length="100" width="7.8740157480315" flipped="False">
      <text name="pinname" originx="230" originy="-1000" style="Default" rotation="0" justify="left" flipped="False" hidden="False" data="PC2" />
      <text name="pindes" originx="140" originy="-980" style="Default" rotation="0" justify="lowerright" flipped="False" hidden="False" data="11" />
    </sympin>
    <sympin number="12" originx="200" originy="-1100" rotation="180" length="100" width="7.8740157480315" flipped="False">
      <text name="pinname" originx="230" originy="-1100" style="Default" rotation="0" justify="left" flipped="False" hidden="False" data="PC3" />
      <text name="pindes" originx="140" originy="-1080" style="Default" rotation="0" justify="lowerright" flipped="False" hidden="False" data="12" />
    </sympin>
    <sympin number="13" originx="200" originy="-1200" rotation="180" length="100" width="7.8740157480315" flipped="False">
      <text name="pinname" originx="230" originy="-1200" style="Default" rotation="0" justify="left" flipped="False" hidden="False" data="VREF+" />
      <text name="pindes" originx="140" originy="-1180" style="Default" rotation="0" justify="lowerright" flipped="False" hidden="False" data="13" />
    </sympin>
    <sympin number="14" originx="200" originy="-1300" rotation="180" length="100" width="7.8740157480315" flipped="False">
      <text name="pinname" originx="230" originy="-1300" style="Default" rotation="0" justify="left" flipped="False" hidden="False" data="VDDA" />
      <text name="pindes" originx="140" originy="-1280" style="Default" rotation="0" justify="lowerright" flipped="False" hidden="False" data="14" />
    </sympin>
    <sympin number="15" originx="200" originy="-1400" rotation="180" length="100" width="7.8740157480315" flipped="False">
      <text name="pinname" originx="230" originy="-1400" style="Default" rotation="0" justify="left" flipped="False" hidden="False" data="PA0" />
      <text name="pindes" originx="140" originy="-1380" style="Default" rotation="0" justify="lowerright" flipped="False" hidden="False" data="15" />
    </sympin>
    <sympin number="16" originx="200" originy="-1500" rotation="180" length="100" width="7.8740157480315" flipped="False">
      <text name="pinname" originx="230" originy="-1500" style="Default" rotation="0" justify="left" flipped="False" hidden="False" data="PA1" />
      <text name="pindes" originx="140" originy="-1480" style="Default" rotation="0" justify="lowerright" flipped="False" hidden="False" data="16" />
    </sympin>
    <sympin number="17" originx="200" originy="-1600" rotation="180" length="100" width="7.8740157480315" flipped="False">
      <text name="pinname" originx="230" originy="-1600" style="Default" rotation="0" justify="left" flipped="False" hidden="False" data="PA2" />
      <text name="pindes" originx="140" originy="-1580" style="Default" rotation="0" justify="lowerright" flipped="False" hidden="False" data="17" />
    </sympin>
    <sympin number="18" originx="300" originy="-2200" rotation="270" length="100" width="7.8740157480315" flipped="False">
      <text name="pinname" originx="300" originy="-2170" style="Default" rotation="0" justify="left" flipped="False" hidden="False" data="PA3" />
      <text name="pindes" originx="280" originy="-2260" style="Default" rotation="0" justify="lowerright" flipped="False" hidden="False" data="18" />
    </sympin>
    <sympin number="19" originx="400" originy="-2200" rotation="270" length="100" width="7.8740157480315" flipped="False">
      <text name="pinname" originx="400" originy="-2170" style="Default" rotation="0" justify="left" flipped="False" hidden="False" data="PA4" />
      <text name="pindes" originx="380" originy="-2260" style="Default" rotation="0" justify="lowerright" flipped="False" hidden="False" data="19" />
    </sympin>
    <sympin number="20" originx="500" originy="-2200" rotation="270" length="100" width="7.8740157480315" flipped="False">
      <text name="pinname" originx="500" originy="-2170" style="Default" rotation="0" justify="left" flipped="False" hidden="False" data="PA5" />
      <text name="pindes" originx="480" originy="-2260" style="Default" rotation="0" justify="lowerright" flipped="False" hidden="False" data="20" />
    </sympin>
    <sympin number="21" originx="600" originy="-2200" rotation="270" length="100" width="7.8740157480315" flipped="False">
      <text name="pinname" originx="600" originy="-2170" style="Default" rotation="0" justify="left" flipped="False" hidden="False" data="PA6" />
      <text name="pindes" originx="580" originy="-2260" style="Default" rotation="0" justify="lowerright" flipped="False" hidden="False" data="21" />
    </sympin>
    <sympin number="22" originx="700" originy="-2200" rotation="270" length="100" width="7.8740157480315" flipped="False">
      <text name="pinname" originx="700" originy="-2170" style="Default" rotation="0" justify="left" flipped="False" hidden="False" data="PA7" />
      <text name="pindes" originx="680" originy="-2260" style="Default" rotation="0" justify="lowerright" flipped="False" hidden="False" data="22" />
    </sympin>
    <sympin number="23" originx="800" originy="-2200" rotation="270" length="100" width="7.8740157480315" flipped="False">
      <text name="pinname" originx="800" originy="-2170" style="Default" rotation="0" justify="left" flipped="False" hidden="False" data="PA8" />
      <text name="pindes" originx="780" originy="-2260" style="Default" rotation="0" justify="lowerright" flipped="False" hidden="False" data="23" />
    </sympin>
    <sympin number="24" originx="900" originy="-2200" rotation="270" length="100" width="7.8740157480315" flipped="False">
      <text name="pinname" originx="900" originy="-2170" style="Default" rotation="0" justify="left" flipped="False" hidden="False" data="PA9" />
      <text name="pindes" originx="880" originy="-2260" style="Default" rotation="0" justify="lowerright" flipped="False" hidden="False" data="24" />
    </sympin>
    <sympin number="25" originx="1000" originy="-2200" rotation="270" length="100" width="7.8740157480315" flipped="False">
      <text name="pinname" originx="1000" originy="-2170" style="Default" rotation="0" justify="left" flipped="False" hidden="False" data="PC4" />
      <text name="pindes" originx="980" originy="-2260" style="Default" rotation="0" justify="lowerright" flipped="False" hidden="False" data="25" />
    </sympin>
    <sympin number="26" originx="1100" originy="-2200" rotation="270" length="100" width="7.8740157480315" flipped="False">
      <text name="pinname" originx="1100" originy="-2170" style="Default" rotation="0" justify="left" flipped="False" hidden="False" data="PC5" />
      <text name="pindes" originx="1080" originy="-2260" style="Default" rotation="0" justify="lowerright" flipped="False" hidden="False" data="26" />
    </sympin>
    <sympin number="27" originx="1200" originy="-2200" rotation="270" length="100" width="7.8740157480315" flipped="False">
      <text name="pinname" originx="1200" originy="-2170" style="Default" rotation="0" justify="left" flipped="False" hidden="False" data="PB2" />
      <text name="pindes" originx="1180" originy="-2260" style="Default" rotation="0" justify="lowerright" flipped="False" hidden="False" data="27" />
    </sympin>
    <sympin number="28" originx="1300" originy="-2200" rotation="270" length="100" width="7.8740157480315" flipped="False">
      <text name="pinname" originx="1300" originy="-2170" style="Default" rotation="0" justify="left" flipped="False" hidden="False" data="PB10" />
      <text name="pindes" originx="1280" originy="-2260" style="Default" rotation="0" justify="lowerright" flipped="False" hidden="False" data="28" />
    </sympin>
    <sympin number="29" originx="1400" originy="-2200" rotation="270" length="100" width="7.8740157480315" flipped="False">
      <text name="pinname" originx="1400" originy="-2170" style="Default" rotation="0" justify="left" flipped="False" hidden="False" data="PB11" />
      <text name="pindes" originx="1380" originy="-2260" style="Default" rotation="0" justify="lowerright" flipped="False" hidden="False" data="29" />
    </sympin>
    <sympin number="30" originx="1500" originy="-2200" rotation="270" length="100" width="7.8740157480315" flipped="False">
      <text name="pinname" originx="1500" originy="-2170" style="Default" rotation="0" justify="left" flipped="False" hidden="False" data="VDD_1" />
      <text name="pindes" originx="1480" originy="-2260" style="Default" rotation="0" justify="lowerright" flipped="False" hidden="False" data="30" />
    </sympin>
    <sympin number="31" originx="1600" originy="-2200" rotation="270" length="100" width="7.8740157480315" flipped="False">
      <text name="pinname" originx="1600" originy="-2170" style="Default" rotation="0" justify="left" flipped="False" hidden="False" data="RF1" />
      <text name="pindes" originx="1580" originy="-2260" style="Default" rotation="0" justify="lowerright" flipped="False" hidden="False" data="31" />
    </sympin>
    <sympin number="32" originx="1700" originy="-2200" rotation="270" length="100" width="7.8740157480315" flipped="False">
      <text name="pinname" originx="1700" originy="-2170" style="Default" rotation="0" justify="left" flipped="False" hidden="False" data="VSSRF" />
      <text name="pindes" originx="1680" originy="-2260" style="Default" rotation="0" justify="lowerright" flipped="False" hidden="False" data="32" />
    </sympin>
    <sympin number="33" originx="1800" originy="-2200" rotation="270" length="100" width="7.8740157480315" flipped="False">
      <text name="pinname" originx="1800" originy="-2170" style="Default" rotation="0" justify="left" flipped="False" hidden="False" data="VDDRF" />
      <text name="pindes" originx="1780" originy="-2260" style="Default" rotation="0" justify="lowerright" flipped="False" hidden="False" data="33" />
    </sympin>
    <sympin number="34" originx="1900" originy="-2200" rotation="270" length="100" width="7.8740157480315" flipped="False">
      <text name="pinname" originx="1900" originy="-2170" style="Default" rotation="0" justify="left" flipped="False" hidden="False" data="OSC_OUT" />
      <text name="pindes" originx="1880" originy="-2260" style="Default" rotation="0" justify="lowerright" flipped="False" hidden="False" data="34" />
    </sympin>
    <sympin number="51" originx="2100" originy="0" rotation="0" length="100" width="7.8740157480315" flipped="False">
      <text name="pinname" originx="2070" originy="0" style="Default" rotation="0" justify="right" flipped="False" hidden="False" data="PA10" />
      <text name="pindes" originx="2160" originy="20" style="Default" rotation="0" justify="lowerleft" flipped="False" hidden="False" data="51" />
    </sympin>
    <sympin number="50" originx="2100" originy="-100" rotation="0" length="100" width="7.8740157480315" flipped="False">
      <text name="pinname" originx="2070" originy="-100" style="Default" rotation="0" justify="right" flipped="False" hidden="False" data="PC6" />
      <text name="pindes" originx="2160" originy="-80" style="Default" rotation="0" justify="lowerleft" flipped="False" hidden="False" data="50" />
    </sympin>
    <sympin number="49" originx="2100" originy="-200" rotation="0" length="100" width="7.8740157480315" flipped="False">
      <text name="pinname" originx="2070" originy="-200" style="Default" rotation="0" justify="right" flipped="False" hidden="False" data="PB15" />
      <text name="pindes" originx="2160" originy="-180" style="Default" rotation="0" justify="lowerleft" flipped="False" hidden="False" data="49" />
    </sympin>
    <sympin number="48" originx="2100" originy="-300" rotation="0" length="100" width="7.8740157480315" flipped="False">
      <text name="pinname" originx="2070" originy="-300" style="Default" rotation="0" justify="right" flipped="False" hidden="False" data="PB14" />
      <text name="pindes" originx="2160" originy="-280" style="Default" rotation="0" justify="lowerleft" flipped="False" hidden="False" data="48" />
    </sympin>
    <sympin number="47" originx="2100" originy="-400" rotation="0" length="100" width="7.8740157480315" flipped="False">
      <text name="pinname" originx="2070" originy="-400" style="Default" rotation="0" justify="right" flipped="False" hidden="False" data="PB13" />
      <text name="pindes" originx="2160" originy="-380" style="Default" rotation="0" justify="lowerleft" flipped="False" hidden="False" data="47" />
    </sympin>
    <sympin number="46" originx="2100" originy="-500" rotation="0" length="100" width="7.8740157480315" flipped="False">
      <text name="pinname" originx="2070" originy="-500" style="Default" rotation="0" justify="right" flipped="False" hidden="False" data="PB12" />
      <text name="pindes" originx="2160" originy="-480" style="Default" rotation="0" justify="lowerleft" flipped="False" hidden="False" data="46" />
    </sympin>
    <sympin number="45" originx="2100" originy="-600" rotation="0" length="100" width="7.8740157480315" flipped="False">
      <text name="pinname" originx="2070" originy="-600" style="Default" rotation="0" justify="right" flipped="False" hidden="False" data="VDD_2" />
      <text name="pindes" originx="2160" originy="-580" style="Default" rotation="0" justify="lowerleft" flipped="False" hidden="False" data="45" />
    </sympin>
    <sympin number="44" originx="2100" originy="-700" rotation="0" length="100" width="7.8740157480315" flipped="False">
      <text name="pinname" originx="2070" originy="-700" style="Default" rotation="0" justify="right" flipped="False" hidden="False" data="VDDSMPS" />
      <text name="pindes" originx="2160" originy="-680" style="Default" rotation="0" justify="lowerleft" flipped="False" hidden="False" data="44" />
    </sympin>
    <sympin number="43" originx="2100" originy="-800" rotation="0" length="100" width="7.8740157480315" flipped="False">
      <text name="pinname" originx="2070" originy="-800" style="Default" rotation="0" justify="right" flipped="False" hidden="False" data="VLXSMPS" />
      <text name="pindes" originx="2160" originy="-780" style="Default" rotation="0" justify="lowerleft" flipped="False" hidden="False" data="43" />
    </sympin>
    <sympin number="42" originx="2100" originy="-900" rotation="0" length="100" width="7.8740157480315" flipped="False">
      <text name="pinname" originx="2070" originy="-900" style="Default" rotation="0" justify="right" flipped="False" hidden="False" data="VSSSMPS" />
      <text name="pindes" originx="2160" originy="-880" style="Default" rotation="0" justify="lowerleft" flipped="False" hidden="False" data="42" />
    </sympin>
    <sympin number="41" originx="2100" originy="-1000" rotation="0" length="100" width="7.8740157480315" flipped="False">
      <text name="pinname" originx="2070" originy="-1000" style="Default" rotation="0" justify="right" flipped="False" hidden="False" data="VFBSMPS" />
      <text name="pindes" originx="2160" originy="-980" style="Default" rotation="0" justify="lowerleft" flipped="False" hidden="False" data="41" />
    </sympin>
    <sympin number="40" originx="2100" originy="-1100" rotation="0" length="100" width="7.8740157480315" flipped="False">
      <text name="pinname" originx="2070" originy="-1100" style="Default" rotation="0" justify="right" flipped="False" hidden="False" data="PE4" />
      <text name="pindes" originx="2160" originy="-1080" style="Default" rotation="0" justify="lowerleft" flipped="False" hidden="False" data="40" />
    </sympin>
    <sympin number="39" originx="2100" originy="-1200" rotation="0" length="100" width="7.8740157480315" flipped="False">
      <text name="pinname" originx="2070" originy="-1200" style="Default" rotation="0" justify="right" flipped="False" hidden="False" data="PB1" />
      <text name="pindes" originx="2160" originy="-1180" style="Default" rotation="0" justify="lowerleft" flipped="False" hidden="False" data="39" />
    </sympin>
    <sympin number="38" originx="2100" originy="-1300" rotation="0" length="100" width="7.8740157480315" flipped="False">
      <text name="pinname" originx="2070" originy="-1300" style="Default" rotation="0" justify="right" flipped="False" hidden="False" data="PB0" />
      <text name="pindes" originx="2160" originy="-1280" style="Default" rotation="0" justify="lowerleft" flipped="False" hidden="False" data="38" />
    </sympin>
    <sympin number="37" originx="2100" originy="-1400" rotation="0" length="100" width="7.8740157480315" flipped="False">
      <text name="pinname" originx="2070" originy="-1400" style="Default" rotation="0" justify="right" flipped="False" hidden="False" data="AT1" />
      <text name="pindes" originx="2160" originy="-1380" style="Default" rotation="0" justify="lowerleft" flipped="False" hidden="False" data="37" />
    </sympin>
    <sympin number="36" originx="2100" originy="-1500" rotation="0" length="100" width="7.8740157480315" flipped="False">
      <text name="pinname" originx="2070" originy="-1500" style="Default" rotation="0" justify="right" flipped="False" hidden="False" data="AT0" />
      <text name="pindes" originx="2160" originy="-1480" style="Default" rotation="0" justify="lowerleft" flipped="False" hidden="False" data="36" />
    </sympin>
    <sympin number="35" originx="2100" originy="-1600" rotation="0" length="100" width="7.8740157480315" flipped="False">
      <text name="pinname" originx="2070" originy="-1600" style="Default" rotation="0" justify="right" flipped="False" hidden="False" data="OSC_IN" />
      <text name="pindes" originx="2160" originy="-1580" style="Default" rotation="0" justify="lowerleft" flipped="False" hidden="False" data="35" />
    </sympin>
    <sympin number="69" originx="300" originy="500" rotation="90" length="100" width="7.8740157480315" flipped="False">
      <text name="pinname" originx="300" originy="470" style="Default" rotation="0" justify="right" flipped="False" hidden="False" data="EP" />
      <text name="pindes" originx="280" originy="560" style="Default" rotation="0" justify="lowerleft" flipped="False" hidden="False" data="69" />
    </sympin>
    <sympin number="68" originx="400" originy="500" rotation="90" length="100" width="7.8740157480315" flipped="False">
      <text name="pinname" originx="400" originy="470" style="Default" rotation="0" justify="right" flipped="False" hidden="False" data="VDD_3" />
      <text name="pindes" originx="380" originy="560" style="Default" rotation="0" justify="lowerleft" flipped="False" hidden="False" data="68" />
    </sympin>
    <sympin number="67" originx="500" originy="500" rotation="90" length="100" width="7.8740157480315" flipped="False">
      <text name="pinname" originx="500" originy="470" style="Default" rotation="0" justify="right" flipped="False" hidden="False" data="PB7" />
      <text name="pindes" originx="480" originy="560" style="Default" rotation="0" justify="lowerleft" flipped="False" hidden="False" data="67" />
    </sympin>
    <sympin number="66" originx="600" originy="500" rotation="90" length="100" width="7.8740157480315" flipped="False">
      <text name="pinname" originx="600" originy="470" style="Default" rotation="0" justify="right" flipped="False" hidden="False" data="PB6" />
      <text name="pindes" originx="580" originy="560" style="Default" rotation="0" justify="lowerleft" flipped="False" hidden="False" data="66" />
    </sympin>
    <sympin number="65" originx="700" originy="500" rotation="90" length="100" width="7.8740157480315" flipped="False">
      <text name="pinname" originx="700" originy="470" style="Default" rotation="0" justify="right" flipped="False" hidden="False" data="PB5" />
      <text name="pindes" originx="680" originy="560" style="Default" rotation="0" justify="lowerleft" flipped="False" hidden="False" data="65" />
    </sympin>
    <sympin number="64" originx="800" originy="500" rotation="90" length="100" width="7.8740157480315" flipped="False">
      <text name="pinname" originx="800" originy="470" style="Default" rotation="0" justify="right" flipped="False" hidden="False" data="PB4" />
      <text name="pindes" originx="780" originy="560" style="Default" rotation="0" justify="lowerleft" flipped="False" hidden="False" data="64" />
    </sympin>
    <sympin number="63" originx="900" originy="500" rotation="90" length="100" width="7.8740157480315" flipped="False">
      <text name="pinname" originx="900" originy="470" style="Default" rotation="0" justify="right" flipped="False" hidden="False" data="PB3" />
      <text name="pindes" originx="880" originy="560" style="Default" rotation="0" justify="lowerleft" flipped="False" hidden="False" data="63" />
    </sympin>
    <sympin number="62" originx="1000" originy="500" rotation="90" length="100" width="7.8740157480315" flipped="False">
      <text name="pinname" originx="1000" originy="470" style="Default" rotation="0" justify="right" flipped="False" hidden="False" data="PD1" />
      <text name="pindes" originx="980" originy="560" style="Default" rotation="0" justify="lowerleft" flipped="False" hidden="False" data="62" />
    </sympin>
    <sympin number="61" originx="1100" originy="500" rotation="90" length="100" width="7.8740157480315" flipped="False">
      <text name="pinname" originx="1100" originy="470" style="Default" rotation="0" justify="right" flipped="False" hidden="False" data="PD0" />
      <text name="pindes" originx="1080" originy="560" style="Default" rotation="0" justify="lowerleft" flipped="False" hidden="False" data="61" />
    </sympin>
    <sympin number="60" originx="1200" originy="500" rotation="90" length="100" width="7.8740157480315" flipped="False">
      <text name="pinname" originx="1200" originy="470" style="Default" rotation="0" justify="right" flipped="False" hidden="False" data="PC12" />
      <text name="pindes" originx="1180" originy="560" style="Default" rotation="0" justify="lowerleft" flipped="False" hidden="False" data="60" />
    </sympin>
    <sympin number="59" originx="1300" originy="500" rotation="90" length="100" width="7.8740157480315" flipped="False">
      <text name="pinname" originx="1300" originy="470" style="Default" rotation="0" justify="right" flipped="False" hidden="False" data="PC11" />
      <text name="pindes" originx="1280" originy="560" style="Default" rotation="0" justify="lowerleft" flipped="False" hidden="False" data="59" />
    </sympin>
    <sympin number="58" originx="1400" originy="500" rotation="90" length="100" width="7.8740157480315" flipped="False">
      <text name="pinname" originx="1400" originy="470" style="Default" rotation="0" justify="right" flipped="False" hidden="False" data="PC10" />
      <text name="pindes" originx="1380" originy="560" style="Default" rotation="0" justify="lowerleft" flipped="False" hidden="False" data="58" />
    </sympin>
    <sympin number="57" originx="1500" originy="500" rotation="90" length="100" width="7.8740157480315" flipped="False">
      <text name="pinname" originx="1500" originy="470" style="Default" rotation="0" justify="right" flipped="False" hidden="False" data="PA15" />
      <text name="pindes" originx="1480" originy="560" style="Default" rotation="0" justify="lowerleft" flipped="False" hidden="False" data="57" />
    </sympin>
    <sympin number="56" originx="1600" originy="500" rotation="90" length="100" width="7.8740157480315" flipped="False">
      <text name="pinname" originx="1600" originy="470" style="Default" rotation="0" justify="right" flipped="False" hidden="False" data="PA14" />
      <text name="pindes" originx="1580" originy="560" style="Default" rotation="0" justify="lowerleft" flipped="False" hidden="False" data="56" />
    </sympin>
    <sympin number="55" originx="1700" originy="500" rotation="90" length="100" width="7.8740157480315" flipped="False">
      <text name="pinname" originx="1700" originy="470" style="Default" rotation="0" justify="right" flipped="False" hidden="False" data="VDDUSB" />
      <text name="pindes" originx="1680" originy="560" style="Default" rotation="0" justify="lowerleft" flipped="False" hidden="False" data="55" />
    </sympin>
    <sympin number="54" originx="1800" originy="500" rotation="90" length="100" width="7.8740157480315" flipped="False">
      <text name="pinname" originx="1800" originy="470" style="Default" rotation="0" justify="right" flipped="False" hidden="False" data="PA13" />
      <text name="pindes" originx="1780" originy="560" style="Default" rotation="0" justify="lowerleft" flipped="False" hidden="False" data="54" />
    </sympin>
    <sympin number="53" originx="1900" originy="500" rotation="90" length="100" width="7.8740157480315" flipped="False">
      <text name="pinname" originx="1900" originy="470" style="Default" rotation="0" justify="right" flipped="False" hidden="False" data="PA12" />
      <text name="pindes" originx="1880" originy="560" style="Default" rotation="0" justify="lowerleft" flipped="False" hidden="False" data="53" />
    </sympin>
    <sympin number="52" originx="2000" originy="500" rotation="90" length="100" width="7.8740157480315" flipped="False">
      <text name="pinname" originx="2000" originy="470" style="Default" rotation="0" justify="right" flipped="False" hidden="False" data="PA11" />
      <text name="pindes" originx="1980" originy="560" style="Default" rotation="0" justify="lowerleft" flipped="False" hidden="False" data="52" />
    </sympin>
  </symbol>
  <component name="STM32WB55RCV6" designatorprefix="IC" height="39.370078740157" footprint="QFN40P800X800X100-69N">
    <comppin designator="1" sympin="1" pinswap="0" gateswap="0" gate="1" group="1" side="" type="Any" name="VBAT" />
    <comppin designator="2" sympin="2" pinswap="0" gateswap="0" gate="1" group="1" side="" type="Any" name="PC13" />
    <comppin designator="3" sympin="3" pinswap="0" gateswap="0" gate="1" group="1" side="" type="Any" name="PC14-OSC32_IN" />
    <comppin designator="4" sympin="4" pinswap="0" gateswap="0" gate="1" group="1" side="" type="Any" name="PC15-OSC32_OUT" />
    <comppin designator="5" sympin="5" pinswap="0" gateswap="0" gate="1" group="1" side="" type="Any" name="PH3-BOOT0" />
    <comppin designator="6" sympin="6" pinswap="0" gateswap="0" gate="1" group="1" side="" type="Any" name="PB8" />
    <comppin designator="7" sympin="7" pinswap="0" gateswap="0" gate="1" group="1" side="" type="Any" name="PB9" />
    <comppin designator="8" sympin="8" pinswap="0" gateswap="0" gate="1" group="1" side="" type="Any" name="NRST" />
    <comppin designator="9" sympin="9" pinswap="0" gateswap="0" gate="1" group="1" side="" type="Any" name="PC0" />
    <comppin designator="10" sympin="10" pinswap="0" gateswap="0" gate="1" group="1" side="" type="Any" name="PC1" />
    <comppin designator="11" sympin="11" pinswap="0" gateswap="0" gate="1" group="1" side="" type="Any" name="PC2" />
    <comppin designator="12" sympin="12" pinswap="0" gateswap="0" gate="1" group="1" side="" type="Any" name="PC3" />
    <comppin designator="13" sympin="13" pinswap="0" gateswap="0" gate="1" group="1" side="" type="Any" name="VREF+" />
    <comppin designator="14" sympin="14" pinswap="0" gateswap="0" gate="1" group="1" side="" type="Any" name="VDDA" />
    <comppin designator="15" sympin="15" pinswap="0" gateswap="0" gate="1" group="1" side="" type="Any" name="PA0" />
    <comppin designator="16" sympin="16" pinswap="0" gateswap="0" gate="1" group="1" side="" type="Any" name="PA1" />
    <comppin designator="17" sympin="17" pinswap="0" gateswap="0" gate="1" group="1" side="" type="Any" name="PA2" />
    <comppin designator="18" sympin="18" pinswap="0" gateswap="0" gate="1" group="1" side="" type="Any" name="PA3" />
    <comppin designator="19" sympin="19" pinswap="0" gateswap="0" gate="1" group="1" side="" type="Any" name="PA4" />
    <comppin designator="20" sympin="20" pinswap="0" gateswap="0" gate="1" group="1" side="" type="Any" name="PA5" />
    <comppin designator="21" sympin="21" pinswap="0" gateswap="0" gate="1" group="1" side="" type="Any" name="PA6" />
    <comppin designator="22" sympin="22" pinswap="0" gateswap="0" gate="1" group="1" side="" type="Any" name="PA7" />
    <comppin designator="23" sympin="23" pinswap="0" gateswap="0" gate="1" group="1" side="" type="Any" name="PA8" />
    <comppin designator="24" sympin="24" pinswap="0" gateswap="0" gate="1" group="1" side="" type="Any" name="PA9" />
    <comppin designator="25" sympin="25" pinswap="0" gateswap="0" gate="1" group="1" side="" type="Any" name="PC4" />
    <comppin designator="26" sympin="26" pinswap="0" gateswap="0" gate="1" group="1" side="" type="Any" name="PC5" />
    <comppin designator="27" sympin="27" pinswap="0" gateswap="0" gate="1" group="1" side="" type="Any" name="PB2" />
    <comppin designator="28" sympin="28" pinswap="0" gateswap="0" gate="1" group="1" side="" type="Any" name="PB10" />
    <comppin designator="29" sympin="29" pinswap="0" gateswap="0" gate="1" group="1" side="" type="Any" name="PB11" />
    <comppin designator="30" sympin="30" pinswap="0" gateswap="0" gate="1" group="1" side="" type="Any" name="VDD_1" />
    <comppin designator="31" sympin="31" pinswap="0" gateswap="0" gate="1" group="1" side="" type="Any" name="RF1" />
    <comppin designator="32" sympin="32" pinswap="0" gateswap="0" gate="1" group="1" side="" type="Any" name="VSSRF" />
    <comppin designator="33" sympin="33" pinswap="0" gateswap="0" gate="1" group="1" side="" type="Any" name="VDDRF" />
    <comppin designator="34" sympin="34" pinswap="0" gateswap="0" gate="1" group="1" side="" type="Any" name="OSC_OUT" />
    <comppin designator="35" sympin="35" pinswap="0" gateswap="0" gate="1" group="1" side="" type="Any" name="OSC_IN" />
    <comppin designator="36" sympin="36" pinswap="0" gateswap="0" gate="1" group="1" side="" type="Any" name="AT0" />
    <comppin designator="37" sympin="37" pinswap="0" gateswap="0" gate="1" group="1" side="" type="Any" name="AT1" />
    <comppin designator="38" sympin="38" pinswap="0" gateswap="0" gate="1" group="1" side="" type="Any" name="PB0" />
    <comppin designator="39" sympin="39" pinswap="0" gateswap="0" gate="1" group="1" side="" type="Any" name="PB1" />
    <comppin designator="40" sympin="40" pinswap="0" gateswap="0" gate="1" group="1" side="" type="Any" name="PE4" />
    <comppin designator="41" sympin="41" pinswap="0" gateswap="0" gate="1" group="1" side="" type="Any" name="VFBSMPS" />
    <comppin designator="42" sympin="42" pinswap="0" gateswap="0" gate="1" group="1" side="" type="Any" name="VSSSMPS" />
    <comppin designator="43" sympin="43" pinswap="0" gateswap="0" gate="1" group="1" side="" type="Any" name="VLXSMPS" />
    <comppin designator="44" sympin="44" pinswap="0" gateswap="0" gate="1" group="1" side="" type="Any" name="VDDSMPS" />
    <comppin designator="45" sympin="45" pinswap="0" gateswap="0" gate="1" group="1" side="" type="Any" name="VDD_2" />
    <comppin designator="46" sympin="46" pinswap="0" gateswap="0" gate="1" group="1" side="" type="Any" name="PB12" />
    <comppin designator="47" sympin="47" pinswap="0" gateswap="0" gate="1" group="1" side="" type="Any" name="PB13" />
    <comppin designator="48" sympin="48" pinswap="0" gateswap="0" gate="1" group="1" side="" type="Any" name="PB14" />
    <comppin designator="49" sympin="49" pinswap="0" gateswap="0" gate="1" group="1" side="" type="Any" name="PB15" />
    <comppin designator="50" sympin="50" pinswap="0" gateswap="0" gate="1" group="1" side="" type="Any" name="PC6" />
    <comppin designator="51" sympin="51" pinswap="0" gateswap="0" gate="1" group="1" side="" type="Any" name="PA10" />
    <comppin designator="52" sympin="52" pinswap="0" gateswap="0" gate="1" group="1" side="" type="Any" name="PA11" />
    <comppin designator="53" sympin="53" pinswap="0" gateswap="0" gate="1" group="1" side="" type="Any" name="PA12" />
    <comppin designator="54" sympin="54" pinswap="0" gateswap="0" gate="1" group="1" side="" type="Any" name="PA13" />
    <comppin designator="55" sympin="55" pinswap="0" gateswap="0" gate="1" group="1" side="" type="Any" name="VDDUSB" />
    <comppin designator="56" sympin="56" pinswap="0" gateswap="0" gate="1" group="1" side="" type="Any" name="PA14" />
    <comppin designator="57" sympin="57" pinswap="0" gateswap="0" gate="1" group="1" side="" type="Any" name="PA15" />
    <comppin designator="58" sympin="58" pinswap="0" gateswap="0" gate="1" group="1" side="" type="Any" name="PC10" />
    <comppin designator="59" sympin="59" pinswap="0" gateswap="0" gate="1" group="1" side="" type="Any" name="PC11" />
    <comppin designator="60" sympin="60" pinswap="0" gateswap="0" gate="1" group="1" side="" type="Any" name="PC12" />
    <comppin designator="61" sympin="61" pinswap="0" gateswap="0" gate="1" group="1" side="" type="Any" name="PD0" />
    <comppin designator="62" sympin="62" pinswap="0" gateswap="0" gate="1" group="1" side="" type="Any" name="PD1" />
    <comppin designator="63" sympin="63" pinswap="0" gateswap="0" gate="1" group="1" side="" type="Any" name="PB3" />
    <comppin designator="64" sympin="64" pinswap="0" gateswap="0" gate="1" group="1" side="" type="Any" name="PB4" />
    <comppin designator="65" sympin="65" pinswap="0" gateswap="0" gate="1" group="1" side="" type="Any" name="PB5" />
    <comppin designator="66" sympin="66" pinswap="0" gateswap="0" gate="1" group="1" side="" type="Any" name="PB6" />
    <comppin designator="67" sympin="67" pinswap="0" gateswap="0" gate="1" group="1" side="" type="Any" name="PB7" />
    <comppin designator="68" sympin="68" pinswap="0" gateswap="0" gate="1" group="1" side="" type="Any" name="VDD_3" />
    <comppin designator="69" sympin="69" pinswap="0" gateswap="0" gate="1" group="1" side="" type="Any" name="EP" />
    <attached_symbol gate="1" name="STM32WB55RCV6" />
    <pinmap designator="1" footprintpin="1" />
    <pinmap designator="2" footprintpin="2" />
    <pinmap designator="3" footprintpin="3" />
    <pinmap designator="4" footprintpin="4" />
    <pinmap designator="5" footprintpin="5" />
    <pinmap designator="6" footprintpin="6" />
    <pinmap designator="7" footprintpin="7" />
    <pinmap designator="8" footprintpin="8" />
    <pinmap designator="9" footprintpin="9" />
    <pinmap designator="10" footprintpin="10" />
    <pinmap designator="11" footprintpin="11" />
    <pinmap designator="12" footprintpin="12" />
    <pinmap designator="13" footprintpin="13" />
    <pinmap designator="14" footprintpin="14" />
    <pinmap designator="15" footprintpin="15" />
    <pinmap designator="16" footprintpin="16" />
    <pinmap designator="17" footprintpin="17" />
    <pinmap designator="18" footprintpin="18" />
    <pinmap designator="19" footprintpin="19" />
    <pinmap designator="20" footprintpin="20" />
    <pinmap designator="21" footprintpin="21" />
    <pinmap designator="22" footprintpin="22" />
    <pinmap designator="23" footprintpin="23" />
    <pinmap designator="24" footprintpin="24" />
    <pinmap designator="25" footprintpin="25" />
    <pinmap designator="26" footprintpin="26" />
    <pinmap designator="27" footprintpin="27" />
    <pinmap designator="28" footprintpin="28" />
    <pinmap designator="29" footprintpin="29" />
    <pinmap designator="30" footprintpin="30" />
    <pinmap designator="31" footprintpin="31" />
    <pinmap designator="32" footprintpin="32" />
    <pinmap designator="33" footprintpin="33" />
    <pinmap designator="34" footprintpin="34" />
    <pinmap designator="35" footprintpin="35" />
    <pinmap designator="36" footprintpin="36" />
    <pinmap designator="37" footprintpin="37" />
    <pinmap designator="38" footprintpin="38" />
    <pinmap designator="39" footprintpin="39" />
    <pinmap designator="40" footprintpin="40" />
    <pinmap designator="41" footprintpin="41" />
    <pinmap designator="42" footprintpin="42" />
    <pinmap designator="43" footprintpin="43" />
    <pinmap designator="44" footprintpin="44" />
    <pinmap designator="45" footprintpin="45" />
    <pinmap designator="46" footprintpin="46" />
    <pinmap designator="47" footprintpin="47" />
    <pinmap designator="48" footprintpin="48" />
    <pinmap designator="49" footprintpin="49" />
    <pinmap designator="50" footprintpin="50" />
    <pinmap designator="51" footprintpin="51" />
    <pinmap designator="52" footprintpin="52" />
    <pinmap designator="53" footprintpin="53" />
    <pinmap designator="54" footprintpin="54" />
    <pinmap designator="55" footprintpin="55" />
    <pinmap designator="56" footprintpin="56" />
    <pinmap designator="57" footprintpin="57" />
    <pinmap designator="58" footprintpin="58" />
    <pinmap designator="59" footprintpin="59" />
    <pinmap designator="60" footprintpin="60" />
    <pinmap designator="61" footprintpin="61" />
    <pinmap designator="62" footprintpin="62" />
    <pinmap designator="63" footprintpin="63" />
    <pinmap designator="64" footprintpin="64" />
    <pinmap designator="65" footprintpin="65" />
    <pinmap designator="66" footprintpin="66" />
    <pinmap designator="67" footprintpin="67" />
    <pinmap designator="68" footprintpin="68" />
    <pinmap designator="69" footprintpin="69" />
    <text name="Datasheet" originx="0" originy="0" style="Default" rotation="0" justify="" flipped="False" hidden="True" data="https://www.mouser.com/datasheet/2/389/stm32wb55rc-1588898.pdf" />
    <text name="Description" originx="0" originy="0" style="Default" rotation="0" justify="" flipped="False" hidden="True" data="Bluetooth v5.0 and 802.15.4 With Microcontroller Combo module" />
    <text name="Manufacturer_Name" originx="0" originy="0" style="Default" rotation="0" justify="" flipped="False" hidden="True" data="STMicroelectronics" />
    <text name="Manufacturer_Part_Number" originx="2150" originy="600" style="Default" rotation="0" justify="left" flipped="False" hidden="False" data="STM32WB55RCV6" />
    <text name="Mouser Part Number" originx="0" originy="0" style="Default" rotation="0" justify="" flipped="False" hidden="True" data="511-STM32WB55RCV6" />
    <text name="Mouser Price/Stock" originx="0" originy="0" style="Default" rotation="0" justify="" flipped="False" hidden="True" data="https://www.mouser.co.uk/ProductDetail/STMicroelectronics/STM32WB55RCV6?qs=vLWxofP3U2y%2F21YKkPUpfQ%3D%3D" />
    <text name="Arrow Part Number" originx="0" originy="0" style="Default" rotation="0" justify="" flipped="False" hidden="True" data="STM32WB55RCV6" />
    <text name="Arrow Price/Stock" originx="0" originy="0" style="Default" rotation="0" justify="" flipped="False" hidden="True" data="https://www.arrow.com/en/products/stm32wb55rcv6/stmicroelectronics?region=nac" />
  </component>
</quadcept_library>
